time,routput
0.00000000000000e+00,0.00000000000000e+00
1.00000000000000e-02,0.00000000000000e+00
2.00000000000000e-02,0.00000000000000e+00
3.00000000000001e-02,0.00000000000000e+00
4.00000000000001e-02,0.00000000000000e+00
5.00000000000001e-02,0.00000000000000e+00
6.00000000000001e-02,0.00000000000000e+00
7.00000000000002e-02,0.00000000000000e+00
8.00000000000002e-02,0.00000000000000e+00
9.00000000000002e-02,0.00000000000000e+00
1.00000000000000e-01,0.00000000000000e+00
1.10000000000000e-01,0.00000000000000e+00
1.20000000000000e-01,0.00000000000000e+00
1.30000000000000e-01,0.00000000000000e+00
1.40000000000000e-01,0.00000000000000e+00
1.50000000000000e-01,0.00000000000000e+00
1.60000000000000e-01,0.00000000000000e+00
1.70000000000000e-01,0.00000000000000e+00
1.80000000000000e-01,0.00000000000000e+00
1.90000000000000e-01,0.00000000000000e+00
2.00000000000000e-01,0.00000000000000e+00
2.10000000000000e-01,0.00000000000000e+00
2.20000000000000e-01,0.00000000000000e+00
2.30000000000000e-01,0.00000000000000e+00
2.40000000000000e-01,0.00000000000000e+00
2.50000000000000e-01,0.00000000000000e+00
2.60000000000000e-01,0.00000000000000e+00
2.70000000000000e-01,0.00000000000000e+00
2.80000000000000e-01,0.00000000000000e+00
2.90000000000000e-01,0.00000000000000e+00
3.00000000000000e-01,0.00000000000000e+00
3.10000000000000e-01,0.00000000000000e+00
3.20000000000000e-01,0.00000000000000e+00
3.30000000000000e-01,0.00000000000000e+00
3.40000000000000e-01,0.00000000000000e+00
3.50000000000000e-01,0.00000000000000e+00
3.60000000000000e-01,0.00000000000000e+00
3.70000000000000e-01,0.00000000000000e+00
3.80000000000001e-01,0.00000000000000e+00
3.90000000000001e-01,0.00000000000000e+00
4.00000000000001e-01,0.00000000000000e+00
4.10000000000001e-01,0.00000000000000e+00
4.20000000000001e-01,0.00000000000000e+00
4.30000000000001e-01,0.00000000000000e+00
4.40000000000001e-01,0.00000000000000e+00
4.50000000000001e-01,0.00000000000000e+00
4.60000000000001e-01,0.00000000000000e+00
4.70000000000001e-01,0.00000000000000e+00
4.80000000000001e-01,0.00000000000000e+00
4.90000000000001e-01,0.00000000000000e+00
5.00000000000001e-01,0.00000000000000e+00
5.10000000000001e-01,0.00000000000000e+00
5.20000000000001e-01,0.00000000000000e+00
5.30000000000001e-01,0.00000000000000e+00
5.40000000000001e-01,0.00000000000000e+00
5.50000000000001e-01,0.00000000000000e+00
5.60000000000001e-01,0.00000000000000e+00
5.70000000000001e-01,0.00000000000000e+00
5.80000000000001e-01,0.00000000000000e+00
5.90000000000001e-01,0.00000000000000e+00
6.00000000000001e-01,0.00000000000000e+00
6.10000000000001e-01,0.00000000000000e+00
6.20000000000001e-01,0.00000000000000e+00
6.30000000000001e-01,0.00000000000000e+00
6.40000000000001e-01,0.00000000000000e+00
6.50000000000001e-01,0.00000000000000e+00
6.60000000000001e-01,0.00000000000000e+00
6.70000000000001e-01,0.00000000000000e+00
6.80000000000001e-01,0.00000000000000e+00
6.90000000000001e-01,0.00000000000000e+00
7.00000000000001e-01,0.00000000000000e+00
7.10000000000001e-01,0.00000000000000e+00
7.20000000000001e-01,0.00000000000000e+00
7.30000000000001e-01,0.00000000000000e+00
7.40000000000001e-01,0.00000000000000e+00
7.50000000000001e-01,0.00000000000000e+00
7.60000000000001e-01,0.00000000000000e+00
7.70000000000001e-01,0.00000000000000e+00
7.80000000000001e-01,0.00000000000000e+00
7.90000000000001e-01,0.00000000000000e+00
8.00000000000001e-01,0.00000000000000e+00
8.10000000000001e-01,0.00000000000000e+00
8.20000000000001e-01,0.00000000000000e+00
8.30000000000001e-01,0.00000000000000e+00
8.40000000000001e-01,0.00000000000000e+00
8.50000000000001e-01,0.00000000000000e+00
8.60000000000001e-01,0.00000000000000e+00
8.70000000000001e-01,0.00000000000000e+00
8.80000000000001e-01,0.00000000000000e+00
8.90000000000001e-01,0.00000000000000e+00
9.00000000000001e-01,0.00000000000000e+00
9.10000000000001e-01,0.00000000000000e+00
9.20000000000001e-01,0.00000000000000e+00
9.30000000000001e-01,0.00000000000000e+00
9.40000000000001e-01,0.00000000000000e+00
9.50000000000001e-01,0.00000000000000e+00
9.60000000000001e-01,0.00000000000000e+00
9.70000000000001e-01,0.00000000000000e+00
9.80000000000001e-01,0.00000000000000e+00
9.90000000000001e-01,0.00000000000000e+00
1.00000000000000e+00,2.29845082946592e-10
1.01000000000000e+00,2.07026045982220e+02
1.02000000000000e+00,2.07026045982220e+02
1.03000000000000e+00,2.07026045982220e+02
1.04000000000000e+00,2.07026045982220e+02
1.05000000000000e+00,2.07026045982220e+02
1.06000000000000e+00,2.07026045982220e+02
1.07000000000000e+00,2.07026045982220e+02
1.08000000000000e+00,2.07026045982220e+02
1.09000000000000e+00,2.07026045982220e+02
1.10000000000000e+00,2.07026045982220e+02
1.11000000000000e+00,2.07026045982220e+02
1.12000000000000e+00,2.07026045982220e+02
1.13000000000000e+00,2.07026045982220e+02
1.14000000000000e+00,2.07026045982220e+02
1.15000000000000e+00,2.07026045982220e+02
1.16000000000000e+00,2.07026045982220e+02
1.17000000000000e+00,2.07026045982220e+02
1.18000000000000e+00,2.07026045982220e+02
1.19000000000000e+00,2.07026045982220e+02
1.20000000000000e+00,2.07026045982220e+02
1.21000000000000e+00,2.07026045982220e+02
1.22000000000000e+00,2.07026045982220e+02
1.23000000000000e+00,2.07026045982220e+02
1.24000000000000e+00,2.07026045982220e+02
1.25000000000000e+00,2.07026045982220e+02
1.26000000000000e+00,2.07026045982220e+02
1.27000000000000e+00,2.07026045982220e+02
1.28000000000000e+00,2.07026045982220e+02
1.29000000000000e+00,2.07026045982220e+02
1.30000000000000e+00,2.07026045982220e+02
1.31000000000000e+00,2.07026045982220e+02
1.32000000000000e+00,2.07026045982220e+02
1.33000000000000e+00,2.07026045982220e+02
1.34000000000000e+00,2.07026045982220e+02
1.35000000000000e+00,2.07026045982220e+02
1.36000000000000e+00,2.07026045982220e+02
1.37000000000000e+00,2.07026045982220e+02
1.38000000000000e+00,2.07026045982220e+02
1.39000000000000e+00,2.07026045982220e+02
1.40000000000000e+00,2.07026045982220e+02
1.41000000000000e+00,2.07026045982220e+02
1.42000000000000e+00,2.07026045982220e+02
1.43000000000000e+00,2.07026045982220e+02
1.44000000000000e+00,2.07026045982220e+02
1.45000000000000e+00,2.07026045982220e+02
1.46000000000000e+00,2.07026045982220e+02
1.47000000000000e+00,2.07026045982220e+02
1.48000000000000e+00,2.07026045982220e+02
1.49000000000000e+00,2.07026045982220e+02
1.50000000000000e+00,2.07026045982220e+02
1.51000000000000e+00,2.07026045982220e+02
1.52000000000000e+00,2.07026045982220e+02
1.53000000000000e+00,2.07026045982220e+02
1.54000000000000e+00,2.07026045982220e+02
1.55000000000000e+00,2.07026045982220e+02
1.56000000000000e+00,2.07026045982220e+02
1.57000000000000e+00,2.07026045982220e+02
1.58000000000000e+00,2.07026045982220e+02
1.59000000000000e+00,2.07026045982220e+02
1.60000000000000e+00,2.07026045982220e+02
1.61000000000000e+00,2.07026045982220e+02
1.62000000000000e+00,2.07026045982220e+02
1.63000000000000e+00,2.07026045982220e+02
1.64000000000000e+00,2.07026045982220e+02
1.65000000000000e+00,2.07026045982220e+02
1.66000000000000e+00,2.07026045982220e+02
1.67000000000000e+00,2.07026045982220e+02
1.68000000000000e+00,2.07026045982220e+02
1.69000000000000e+00,2.07026045982220e+02
1.70000000000000e+00,2.07026045982220e+02
1.71000000000000e+00,2.07026045982220e+02
1.72000000000000e+00,2.07026045982220e+02
1.73000000000000e+00,2.07026045982220e+02
1.74000000000000e+00,2.07026045982220e+02
1.75000000000000e+00,2.07026045982220e+02
1.76000000000000e+00,2.07026045982220e+02
1.77000000000000e+00,2.07026045982220e+02
1.78000000000000e+00,2.07026045982220e+02
1.79000000000000e+00,2.07026045982220e+02
1.80000000000000e+00,2.07026045982220e+02
1.81000000000000e+00,2.07026045982220e+02
1.82000000000000e+00,2.07026045982220e+02
1.83000000000000e+00,2.07026045982220e+02
1.84000000000000e+00,2.07026045982220e+02
1.85000000000000e+00,2.07026045982220e+02
1.86000000000000e+00,2.07026045982220e+02
1.87000000000000e+00,2.07026045982220e+02
1.88000000000000e+00,2.07026045982220e+02
1.89000000000000e+00,2.07026045982220e+02
1.90000000000000e+00,2.07026045982220e+02
1.91000000000000e+00,2.07026045982220e+02
1.92000000000000e+00,2.07026045982220e+02
1.93000000000000e+00,2.07026045982220e+02
1.94000000000000e+00,2.07026045982220e+02
1.95000000000000e+00,2.07026045982220e+02
1.96000000000000e+00,2.07026045982220e+02
1.97000000000000e+00,2.07026045982220e+02
1.98000000000000e+00,2.07026045982220e+02
1.99000000000000e+00,2.07026045982220e+02
2.00000000000000e+00,2.07026045982220e+02
2.01000000000000e+00,2.07026045982220e+02
2.02000000000000e+00,2.07026045982220e+02
2.03000000000000e+00,2.07026045982220e+02
2.04000000000000e+00,2.07026045982220e+02
2.05000000000000e+00,2.07026045982220e+02
2.06000000000000e+00,2.07026045982220e+02
2.07000000000000e+00,2.07026045982220e+02
2.08000000000000e+00,2.07026045982220e+02
2.09000000000000e+00,2.07026045982220e+02
2.10000000000000e+00,2.07026045982220e+02
2.11000000000000e+00,2.07026045982220e+02
2.12000000000000e+00,2.07026045982220e+02
2.13000000000001e+00,2.07026045982220e+02
2.14000000000001e+00,2.07026045982220e+02
2.15000000000001e+00,2.07026045982220e+02
2.16000000000001e+00,2.07026045982220e+02
2.17000000000001e+00,2.07026045982220e+02
2.18000000000001e+00,2.07026045982220e+02
2.19000000000001e+00,2.07026045982220e+02
2.20000000000001e+00,2.07026045982220e+02
2.21000000000001e+00,2.07026045982220e+02
2.22000000000001e+00,2.07026045982220e+02
2.23000000000001e+00,2.07026045982220e+02
2.24000000000001e+00,2.07026045982220e+02
2.25000000000001e+00,2.07026045982220e+02
2.26000000000001e+00,2.07026045982220e+02
2.27000000000001e+00,2.07026045982220e+02
2.28000000000001e+00,2.07026045982220e+02
2.29000000000001e+00,2.07026045982220e+02
2.30000000000001e+00,2.07026045982220e+02
2.31000000000001e+00,2.07026045982220e+02
2.32000000000001e+00,2.07026045982220e+02
2.33000000000001e+00,2.07026045982220e+02
2.34000000000001e+00,2.07026045982220e+02
2.35000000000001e+00,2.07026045982220e+02
2.36000000000001e+00,2.07026045982220e+02
2.37000000000001e+00,2.07026045982220e+02
2.38000000000001e+00,2.07026045982220e+02
2.39000000000001e+00,2.07026045982220e+02
2.40000000000001e+00,2.07026045982220e+02
2.41000000000001e+00,2.07026045982220e+02
2.42000000000001e+00,2.07026045982220e+02
2.43000000000001e+00,2.07026045982220e+02
2.44000000000001e+00,2.07026045982220e+02
2.45000000000001e+00,2.07026045982220e+02
2.46000000000001e+00,2.07026045982220e+02
2.47000000000001e+00,2.07026045982220e+02
2.48000000000001e+00,2.07026045982220e+02
2.49000000000001e+00,2.07026045982220e+02
2.50000000000001e+00,2.07026045982220e+02
2.51000000000001e+00,2.07026045982220e+02
2.52000000000001e+00,2.07026045982220e+02
2.53000000000001e+00,2.07026045982220e+02
2.54000000000001e+00,2.07026045982220e+02
2.55000000000001e+00,2.07026045982220e+02
2.56000000000002e+00,2.07026045982220e+02
2.57000000000002e+00,2.07026045982220e+02
2.58000000000002e+00,2.07026045982220e+02
2.59000000000002e+00,2.07026045982220e+02
2.60000000000002e+00,2.07026045982220e+02
2.61000000000002e+00,2.07026045982220e+02
2.62000000000002e+00,2.07026045982220e+02
2.63000000000002e+00,2.07026045982220e+02
2.64000000000002e+00,2.07026045982220e+02
2.65000000000002e+00,2.07026045982220e+02
2.66000000000002e+00,2.07026045982220e+02
2.67000000000002e+00,2.07026045982220e+02
2.68000000000002e+00,2.07026045982220e+02
2.69000000000002e+00,2.07026045982220e+02
2.70000000000002e+00,2.07026045982220e+02
2.71000000000002e+00,2.07026045982220e+02
2.72000000000002e+00,2.07026045982220e+02
2.73000000000002e+00,2.07026045982220e+02
2.74000000000002e+00,2.07026045982220e+02
2.75000000000002e+00,2.07026045982220e+02
2.76000000000002e+00,2.07026045982220e+02
2.77000000000002e+00,2.07026045982220e+02
2.78000000000002e+00,2.07026045982220e+02
2.79000000000002e+00,2.07026045982220e+02
2.80000000000002e+00,2.07026045982220e+02
2.81000000000002e+00,2.07026045982220e+02
2.82000000000002e+00,2.07026045982220e+02
2.83000000000002e+00,2.07026045982220e+02
2.84000000000002e+00,2.07026045982220e+02
2.85000000000002e+00,2.07026045982220e+02
2.86000000000002e+00,2.07026045982220e+02
2.87000000000002e+00,2.07026045982220e+02
2.88000000000002e+00,2.07026045982220e+02
2.89000000000002e+00,2.07026045982220e+02
2.90000000000002e+00,2.07026045982220e+02
2.91000000000002e+00,2.07026045982220e+02
2.92000000000002e+00,2.07026045982220e+02
2.93000000000002e+00,2.07026045982220e+02
2.94000000000002e+00,2.07026045982220e+02
2.95000000000002e+00,2.07026045982220e+02
2.96000000000002e+00,2.07026045982220e+02
2.97000000000002e+00,2.07026045982220e+02
2.98000000000002e+00,2.07026045982220e+02
2.99000000000003e+00,2.07026045982220e+02
3.00000000000003e+00,2.07026045982220e+02
3.01000000000003e+00,2.07026045982220e+02
3.02000000000003e+00,2.07026045982220e+02
3.03000000000003e+00,2.07026045982220e+02
3.04000000000003e+00,2.07026045982220e+02
3.05000000000003e+00,2.07026045982220e+02
3.06000000000003e+00,2.07026045982220e+02
3.07000000000003e+00,2.07026045982220e+02
3.08000000000003e+00,2.07026045982220e+02
3.09000000000003e+00,2.07026045982220e+02
3.10000000000003e+00,2.07026045982220e+02
3.11000000000003e+00,2.07026045982220e+02
3.12000000000003e+00,2.07026045982220e+02
3.13000000000003e+00,2.07026045982220e+02
3.14000000000003e+00,2.07026045982220e+02
3.15000000000003e+00,2.07026045982220e+02
3.16000000000003e+00,2.07026045982220e+02
3.17000000000003e+00,2.07026045982220e+02
3.18000000000003e+00,2.07026045982220e+02
3.19000000000003e+00,2.07026045982220e+02
3.20000000000003e+00,2.07026045982220e+02
3.21000000000003e+00,2.07026045982220e+02
3.22000000000003e+00,2.07026045982220e+02
3.23000000000003e+00,2.07026045982220e+02
3.24000000000003e+00,2.07026045982220e+02
3.25000000000003e+00,2.07026045982220e+02
3.26000000000003e+00,2.07026045982220e+02
3.27000000000003e+00,2.07026045982220e+02
3.28000000000003e+00,2.07026045982220e+02
3.29000000000003e+00,2.07026045982220e+02
3.30000000000003e+00,2.07026045982220e+02
3.31000000000003e+00,2.07026045982220e+02
3.32000000000003e+00,2.07026045982220e+02
3.33000000000003e+00,2.07026045982220e+02
3.34000000000003e+00,2.07026045982220e+02
3.35000000000003e+00,2.07026045982220e+02
3.36000000000003e+00,2.07026045982220e+02
3.37000000000003e+00,2.07026045982220e+02
3.38000000000003e+00,2.07026045982220e+02
3.39000000000003e+00,2.07026045982220e+02
3.40000000000003e+00,2.07026045982220e+02
3.41000000000003e+00,2.07026045982220e+02
3.42000000000004e+00,2.07026045982220e+02
3.43000000000004e+00,2.07026045982220e+02
3.44000000000004e+00,2.07026045982220e+02
3.45000000000004e+00,2.07026045982220e+02
3.46000000000004e+00,2.07026045982220e+02
3.47000000000004e+00,2.07026045982220e+02
3.48000000000004e+00,2.07026045982220e+02
3.49000000000004e+00,2.07026045982220e+02
3.50000000000004e+00,2.07026045982220e+02
3.51000000000004e+00,2.07026045982220e+02
3.52000000000004e+00,2.07026045982220e+02
3.53000000000004e+00,2.07026045982220e+02
3.54000000000004e+00,2.07026045982220e+02
3.55000000000004e+00,2.07026045982220e+02
3.56000000000004e+00,2.07026045982220e+02
3.57000000000004e+00,2.07026045982220e+02
3.58000000000004e+00,2.07026045982220e+02
3.59000000000004e+00,2.07026045982220e+02
3.60000000000004e+00,2.07026045982220e+02
3.61000000000004e+00,2.07026045982220e+02
3.62000000000004e+00,2.07026045982220e+02
3.63000000000004e+00,2.07026045982220e+02
3.64000000000004e+00,2.07026045982220e+02
3.65000000000004e+00,2.07026045982220e+02
3.66000000000004e+00,2.07026045982220e+02
3.67000000000004e+00,2.07026045982220e+02
3.68000000000004e+00,2.07026045982220e+02
3.69000000000004e+00,2.07026045982220e+02
3.70000000000004e+00,2.07026045982220e+02
3.71000000000004e+00,2.07026045982220e+02
3.72000000000004e+00,2.07026045982220e+02
3.73000000000004e+00,2.07026045982220e+02
3.74000000000004e+00,2.07026045982220e+02
3.75000000000004e+00,2.07026045982220e+02
3.76000000000004e+00,2.07026045982220e+02
3.77000000000004e+00,2.07026045982220e+02
3.78000000000004e+00,2.07026045982220e+02
3.79000000000004e+00,2.07026045982220e+02
3.80000000000004e+00,2.07026045982220e+02
3.81000000000004e+00,2.07026045982220e+02
3.82000000000004e+00,2.07026045982220e+02
3.83000000000004e+00,2.07026045982220e+02
3.84000000000004e+00,2.07026045982220e+02
3.85000000000004e+00,2.07026045982220e+02
3.86000000000005e+00,2.07026045982220e+02
3.87000000000005e+00,2.07026045982220e+02
3.88000000000005e+00,2.07026045982220e+02
3.89000000000005e+00,2.07026045982220e+02
3.90000000000005e+00,2.07026045982220e+02
3.91000000000005e+00,2.07026045982220e+02
3.92000000000005e+00,2.07026045982220e+02
3.93000000000005e+00,2.07026045982220e+02
3.94000000000005e+00,2.07026045982220e+02
3.95000000000005e+00,2.07026045982220e+02
3.96000000000005e+00,2.07026045982220e+02
3.97000000000005e+00,2.07026045982220e+02
3.98000000000005e+00,2.07026045982220e+02
3.99000000000005e+00,2.07026045982220e+02
4.00000000000005e+00,2.07026045982220e+02
4.01000000000005e+00,2.07026045982220e+02
4.02000000000005e+00,2.07026045982220e+02
4.03000000000005e+00,2.07026045982220e+02
4.04000000000005e+00,2.07026045982220e+02
4.05000000000005e+00,2.07026045982220e+02
4.06000000000005e+00,2.07026045982220e+02
4.07000000000005e+00,2.07026045982220e+02
4.08000000000005e+00,2.07026045982220e+02
4.09000000000005e+00,2.07026045982220e+02
4.10000000000005e+00,2.07026045982220e+02
4.11000000000005e+00,2.07026045982220e+02
4.12000000000005e+00,2.07026045982220e+02
4.13000000000005e+00,2.07026045982220e+02
4.14000000000004e+00,2.07026045982220e+02
4.15000000000004e+00,2.07026045982220e+02
4.16000000000004e+00,2.07026045982220e+02
4.17000000000004e+00,2.07026045982220e+02
4.18000000000004e+00,2.07026045982220e+02
4.19000000000004e+00,2.07026045982220e+02
4.20000000000004e+00,2.07026045982220e+02
4.21000000000004e+00,2.07026045982220e+02
4.22000000000004e+00,2.07026045982220e+02
4.23000000000004e+00,2.07026045982220e+02
4.24000000000004e+00,2.07026045982220e+02
4.25000000000004e+00,2.07026045982220e+02
4.26000000000004e+00,2.07026045982220e+02
4.27000000000004e+00,2.07026045982220e+02
4.28000000000004e+00,2.07026045982220e+02
4.29000000000004e+00,2.07026045982220e+02
4.30000000000004e+00,2.07026045982220e+02
4.31000000000004e+00,2.07026045982220e+02
4.32000000000004e+00,2.07026045982220e+02
4.33000000000004e+00,2.07026045982220e+02
4.34000000000004e+00,2.07026045982220e+02
4.35000000000004e+00,2.07026045982220e+02
4.36000000000004e+00,2.07026045982220e+02
4.37000000000004e+00,2.07026045982220e+02
4.38000000000004e+00,2.07026045982220e+02
4.39000000000004e+00,2.07026045982220e+02
4.40000000000004e+00,2.07026045982220e+02
4.41000000000004e+00,2.07026045982220e+02
4.42000000000004e+00,2.07026045982220e+02
4.43000000000004e+00,2.07026045982220e+02
4.44000000000004e+00,2.07026045982220e+02
4.45000000000004e+00,2.07026045982220e+02
4.46000000000004e+00,2.07026045982220e+02
4.47000000000004e+00,2.07026045982220e+02
4.48000000000004e+00,2.07026045982220e+02
4.49000000000004e+00,2.07026045982220e+02
4.50000000000004e+00,2.07026045982220e+02
4.51000000000004e+00,2.07026045982220e+02
4.52000000000004e+00,2.07026045982220e+02
4.53000000000004e+00,2.07026045982220e+02
4.54000000000004e+00,2.07026045982220e+02
4.55000000000004e+00,2.07026045982220e+02
4.56000000000004e+00,2.07026045982220e+02
4.57000000000004e+00,2.07026045982220e+02
4.58000000000004e+00,2.07026045982220e+02
4.59000000000004e+00,2.07026045982220e+02
4.60000000000004e+00,2.07026045982220e+02
4.61000000000003e+00,2.07026045982220e+02
4.62000000000003e+00,2.07026045982220e+02
4.63000000000003e+00,2.07026045982220e+02
4.64000000000003e+00,2.07026045982220e+02
4.65000000000003e+00,2.07026045982220e+02
4.66000000000003e+00,2.07026045982220e+02
4.67000000000003e+00,2.07026045982220e+02
4.68000000000003e+00,2.07026045982220e+02
4.69000000000003e+00,2.07026045982220e+02
4.70000000000003e+00,2.07026045982220e+02
4.71000000000003e+00,2.07026045982220e+02
4.72000000000003e+00,2.07026045982220e+02
4.73000000000003e+00,2.07026045982220e+02
4.74000000000003e+00,2.07026045982220e+02
4.75000000000003e+00,2.07026045982220e+02
4.76000000000003e+00,2.07026045982220e+02
4.77000000000003e+00,2.07026045982220e+02
4.78000000000003e+00,2.07026045982220e+02
4.79000000000003e+00,2.07026045982220e+02
4.80000000000003e+00,2.07026045982220e+02
4.81000000000003e+00,2.07026045982220e+02
4.82000000000003e+00,2.07026045982220e+02
4.83000000000003e+00,2.07026045982220e+02
4.84000000000003e+00,2.07026045982220e+02
4.85000000000003e+00,2.07026045982220e+02
4.86000000000003e+00,2.07026045982220e+02
4.87000000000003e+00,2.07026045982220e+02
4.88000000000003e+00,2.07026045982220e+02
4.89000000000003e+00,2.07026045982220e+02
4.90000000000003e+00,2.07026045982220e+02
4.91000000000003e+00,2.07026045982220e+02
4.92000000000003e+00,2.07026045982220e+02
4.93000000000003e+00,2.07026045982220e+02
4.94000000000003e+00,2.07026045982220e+02
4.95000000000003e+00,2.07026045982220e+02
4.96000000000003e+00,2.07026045982220e+02
4.97000000000003e+00,2.07026045982220e+02
4.98000000000003e+00,2.07026045982220e+02
4.99000000000003e+00,2.07026045982220e+02
5.00000000000003e+00,2.07026045982220e+02
5.01000000000003e+00,2.07026045982220e+02
5.02000000000003e+00,2.07026045982220e+02
5.03000000000003e+00,2.07026045982220e+02
5.04000000000003e+00,2.07026045982220e+02
5.05000000000003e+00,2.07026045982220e+02
5.06000000000003e+00,2.07026045982220e+02
5.07000000000003e+00,2.07026045982220e+02
5.08000000000002e+00,2.07026045982220e+02
5.09000000000002e+00,2.07026045982220e+02
5.10000000000002e+00,2.07026045982220e+02
5.11000000000002e+00,2.07026045982220e+02
5.12000000000002e+00,2.07026045982220e+02
5.13000000000002e+00,2.07026045982220e+02
5.14000000000002e+00,2.07026045982220e+02
5.15000000000002e+00,2.07026045982220e+02
5.16000000000002e+00,2.07026045982220e+02
5.17000000000002e+00,2.07026045982220e+02
5.18000000000002e+00,2.07026045982220e+02
5.19000000000002e+00,2.07026045982220e+02
5.20000000000002e+00,2.07026045982220e+02
5.21000000000002e+00,2.07026045982220e+02
5.22000000000002e+00,2.07026045982220e+02
5.23000000000002e+00,2.07026045982220e+02
5.24000000000002e+00,2.07026045982220e+02
5.25000000000002e+00,2.07026045982220e+02
5.26000000000002e+00,2.07026045982220e+02
5.27000000000002e+00,2.07026045982220e+02
5.28000000000002e+00,2.07026045982220e+02
5.29000000000002e+00,2.07026045982220e+02
5.30000000000002e+00,2.07026045982220e+02
5.31000000000002e+00,2.07026045982220e+02
5.32000000000002e+00,2.07026045982220e+02
5.33000000000002e+00,2.07026045982220e+02
5.34000000000002e+00,2.07026045982220e+02
5.35000000000002e+00,2.07026045982220e+02
5.36000000000002e+00,2.07026045982220e+02
5.37000000000002e+00,2.07026045982220e+02
5.38000000000002e+00,2.07026045982220e+02
5.39000000000002e+00,2.07026045982220e+02
5.40000000000002e+00,2.07026045982220e+02
5.41000000000002e+00,2.07026045982220e+02
5.42000000000002e+00,2.07026045982220e+02
5.43000000000002e+00,2.07026045982220e+02
5.44000000000002e+00,2.07026045982220e+02
5.45000000000002e+00,2.07026045982220e+02
5.46000000000002e+00,2.07026045982220e+02
5.47000000000002e+00,2.07026045982220e+02
5.48000000000002e+00,2.07026045982220e+02
5.49000000000002e+00,2.07026045982220e+02
5.50000000000002e+00,2.07026045982220e+02
5.51000000000002e+00,2.07026045982220e+02
5.52000000000002e+00,2.07026045982220e+02
5.53000000000002e+00,2.07026045982220e+02
5.54000000000002e+00,2.07026045982220e+02
5.55000000000001e+00,2.07026045982220e+02
5.56000000000001e+00,2.07026045982220e+02
5.57000000000001e+00,2.07026045982220e+02
5.58000000000001e+00,2.07026045982220e+02
5.59000000000001e+00,2.07026045982220e+02
5.60000000000001e+00,2.07026045982220e+02
5.61000000000001e+00,2.07026045982220e+02
5.62000000000001e+00,2.07026045982220e+02
5.63000000000001e+00,2.07026045982220e+02
5.64000000000001e+00,2.07026045982220e+02
5.65000000000001e+00,2.07026045982220e+02
5.66000000000001e+00,2.07026045982220e+02
5.67000000000001e+00,2.07026045982220e+02
5.68000000000001e+00,2.07026045982220e+02
5.69000000000001e+00,2.07026045982220e+02
5.70000000000001e+00,2.07026045982220e+02
5.71000000000001e+00,2.07026045982220e+02
5.72000000000001e+00,2.07026045982220e+02
5.73000000000001e+00,2.07026045982220e+02
5.74000000000001e+00,2.07026045982220e+02
5.75000000000001e+00,2.07026045982220e+02
5.76000000000001e+00,2.07026045982220e+02
5.77000000000001e+00,2.07026045982220e+02
5.78000000000001e+00,2.07026045982220e+02
5.79000000000001e+00,2.07026045982220e+02
5.80000000000001e+00,2.07026045982220e+02
5.81000000000001e+00,2.07026045982220e+02
5.82000000000001e+00,2.07026045982220e+02
5.83000000000001e+00,2.07026045982220e+02
5.84000000000001e+00,2.07026045982220e+02
5.85000000000001e+00,2.07026045982220e+02
5.86000000000001e+00,2.07026045982220e+02
5.87000000000001e+00,2.07026045982220e+02
5.88000000000001e+00,2.07026045982220e+02
5.89000000000001e+00,2.07026045982220e+02
5.90000000000001e+00,2.07026045982220e+02
5.91000000000001e+00,2.07026045982220e+02
5.92000000000001e+00,2.07026045982220e+02
5.93000000000001e+00,2.07026045982220e+02
5.94000000000001e+00,2.07026045982220e+02
5.95000000000001e+00,2.07026045982220e+02
5.96000000000001e+00,2.07026045982220e+02
5.97000000000001e+00,2.07026045982220e+02
5.98000000000001e+00,2.07026045982220e+02
5.99000000000001e+00,2.07026045982220e+02
6.00000000000001e+00,2.07026045982220e+02
6.01000000000001e+00,2.07026045982220e+02
6.02000000000000e+00,2.07026045982220e+02
6.03000000000000e+00,2.07026045982220e+02
6.04000000000000e+00,2.07026045982220e+02
6.05000000000000e+00,2.07026045982220e+02
6.06000000000000e+00,2.07026045982220e+02
6.07000000000000e+00,2.07026045982220e+02
6.08000000000000e+00,2.07026045982220e+02
6.09000000000000e+00,2.07026045982220e+02
6.10000000000000e+00,2.07026045982220e+02
6.11000000000000e+00,2.07026045982220e+02
6.12000000000000e+00,2.07026045982220e+02
6.13000000000000e+00,2.07026045982220e+02
6.14000000000000e+00,2.07026045982220e+02
6.15000000000000e+00,2.07026045982220e+02
6.16000000000000e+00,2.07026045982220e+02
6.17000000000000e+00,2.07026045982220e+02
6.18000000000000e+00,2.07026045982220e+02
6.19000000000000e+00,2.07026045982220e+02
6.20000000000000e+00,2.07026045982220e+02
6.21000000000000e+00,2.07026045982220e+02
6.22000000000000e+00,2.07026045982220e+02
6.23000000000000e+00,2.07026045982220e+02
6.24000000000000e+00,2.07026045982220e+02
6.25000000000000e+00,2.07026045982220e+02
6.26000000000000e+00,2.07026045982220e+02
6.27000000000000e+00,2.07026045982220e+02
6.28000000000000e+00,2.07026045982220e+02
6.29000000000000e+00,2.07026045982220e+02
6.30000000000000e+00,2.07026045982220e+02
6.31000000000000e+00,2.07026045982220e+02
6.32000000000000e+00,2.07026045982220e+02
6.33000000000000e+00,2.07026045982220e+02
6.34000000000000e+00,2.07026045982220e+02
6.35000000000000e+00,2.07026045982220e+02
6.36000000000000e+00,2.07026045982220e+02
6.37000000000000e+00,2.07026045982220e+02
6.38000000000000e+00,2.07026045982220e+02
6.39000000000000e+00,2.07026045982220e+02
6.40000000000000e+00,2.07026045982220e+02
6.41000000000000e+00,2.07026045982220e+02
6.42000000000000e+00,2.07026045982220e+02
6.43000000000000e+00,2.07026045982220e+02
6.44000000000000e+00,2.07026045982220e+02
6.45000000000000e+00,2.07026045982220e+02
6.46000000000000e+00,2.07026045982220e+02
6.47000000000000e+00,2.07026045982220e+02
6.48000000000000e+00,2.07026045982220e+02
6.48999999999999e+00,2.07026045982220e+02
6.49999999999999e+00,2.07026045982220e+02
6.50999999999999e+00,2.07026045982220e+02
6.51999999999999e+00,2.07026045982220e+02
6.52999999999999e+00,2.07026045982220e+02
6.53999999999999e+00,2.07026045982220e+02
6.54999999999999e+00,2.07026045982220e+02
6.55999999999999e+00,2.07026045982220e+02
6.56999999999999e+00,2.07026045982220e+02
6.57999999999999e+00,2.07026045982220e+02
6.58999999999999e+00,2.07026045982220e+02
6.59999999999999e+00,2.07026045982220e+02
6.60999999999999e+00,2.07026045982220e+02
6.61999999999999e+00,2.07026045982220e+02
6.62999999999999e+00,2.07026045982220e+02
6.63999999999999e+00,2.07026045982220e+02
6.64999999999999e+00,2.07026045982220e+02
6.65999999999999e+00,2.07026045982220e+02
6.66999999999999e+00,2.07026045982220e+02
6.67999999999999e+00,2.07026045982220e+02
6.68999999999999e+00,2.07026045982220e+02
6.69999999999999e+00,2.07026045982220e+02
6.70999999999999e+00,2.07026045982220e+02
6.71999999999999e+00,2.07026045982220e+02
6.72999999999999e+00,2.07026045982220e+02
6.73999999999999e+00,2.07026045982220e+02
6.74999999999999e+00,2.07026045982220e+02
6.75999999999999e+00,2.07026045982220e+02
6.76999999999999e+00,2.07026045982220e+02
6.77999999999999e+00,2.07026045982220e+02
6.78999999999999e+00,2.07026045982220e+02
6.79999999999999e+00,2.07026045982220e+02
6.80999999999999e+00,2.07026045982220e+02
6.81999999999999e+00,2.07026045982220e+02
6.82999999999999e+00,2.07026045982220e+02
6.83999999999999e+00,2.07026045982220e+02
6.84999999999999e+00,2.07026045982220e+02
6.85999999999999e+00,2.07026045982220e+02
6.86999999999999e+00,2.07026045982220e+02
6.87999999999999e+00,2.07026045982220e+02
6.88999999999999e+00,2.07026045982220e+02
6.89999999999999e+00,2.07026045982220e+02
6.90999999999999e+00,2.07026045982220e+02
6.91999999999999e+00,2.07026045982220e+02
6.92999999999999e+00,2.07026045982220e+02
6.93999999999999e+00,2.07026045982220e+02
6.94999999999999e+00,2.07026045982220e+02
6.95999999999998e+00,2.07026045982220e+02
6.96999999999998e+00,2.07026045982220e+02
6.97999999999998e+00,2.07026045982220e+02
6.98999999999998e+00,2.07026045982220e+02
6.99999999999998e+00,2.07026045982220e+02
7.00999999999998e+00,0.00000000000000e+00
7.01999999999998e+00,0.00000000000000e+00
7.02999999999998e+00,0.00000000000000e+00
7.03999999999998e+00,0.00000000000000e+00
7.04999999999998e+00,0.00000000000000e+00
7.05999999999998e+00,0.00000000000000e+00
7.06999999999998e+00,0.00000000000000e+00
7.07999999999998e+00,0.00000000000000e+00
7.08999999999998e+00,0.00000000000000e+00
7.09999999999998e+00,0.00000000000000e+00
7.10999999999998e+00,0.00000000000000e+00
7.11999999999998e+00,0.00000000000000e+00
7.12999999999998e+00,0.00000000000000e+00
7.13999999999998e+00,0.00000000000000e+00
7.14999999999998e+00,0.00000000000000e+00
7.15999999999998e+00,0.00000000000000e+00
7.16999999999998e+00,0.00000000000000e+00
7.17999999999998e+00,0.00000000000000e+00
7.18999999999998e+00,0.00000000000000e+00
7.19999999999998e+00,0.00000000000000e+00
7.20999999999998e+00,0.00000000000000e+00
7.21999999999998e+00,0.00000000000000e+00
7.22999999999998e+00,0.00000000000000e+00
7.23999999999998e+00,0.00000000000000e+00
7.24999999999998e+00,0.00000000000000e+00
7.25999999999998e+00,0.00000000000000e+00
7.26999999999998e+00,0.00000000000000e+00
7.27999999999998e+00,0.00000000000000e+00
7.28999999999998e+00,0.00000000000000e+00
7.29999999999998e+00,0.00000000000000e+00
7.30999999999998e+00,0.00000000000000e+00
7.31999999999998e+00,0.00000000000000e+00
7.32999999999998e+00,0.00000000000000e+00
7.33999999999998e+00,0.00000000000000e+00
7.34999999999998e+00,0.00000000000000e+00
7.35999999999998e+00,0.00000000000000e+00
7.36999999999998e+00,0.00000000000000e+00
7.37999999999998e+00,0.00000000000000e+00
7.38999999999998e+00,0.00000000000000e+00
7.39999999999998e+00,0.00000000000000e+00
7.40999999999998e+00,0.00000000000000e+00
7.41999999999998e+00,0.00000000000000e+00
7.42999999999997e+00,0.00000000000000e+00
7.43999999999997e+00,0.00000000000000e+00
7.44999999999997e+00,0.00000000000000e+00
7.45999999999997e+00,0.00000000000000e+00
7.46999999999997e+00,0.00000000000000e+00
7.47999999999997e+00,0.00000000000000e+00
7.48999999999997e+00,0.00000000000000e+00
7.49999999999997e+00,0.00000000000000e+00
7.50999999999997e+00,0.00000000000000e+00
7.51999999999997e+00,0.00000000000000e+00
7.52999999999997e+00,0.00000000000000e+00
7.53999999999997e+00,0.00000000000000e+00
7.54999999999997e+00,0.00000000000000e+00
7.55999999999997e+00,0.00000000000000e+00
7.56999999999997e+00,0.00000000000000e+00
7.57999999999997e+00,0.00000000000000e+00
7.58999999999997e+00,0.00000000000000e+00
7.59999999999997e+00,0.00000000000000e+00
7.60999999999997e+00,0.00000000000000e+00
7.61999999999997e+00,0.00000000000000e+00
7.62999999999997e+00,0.00000000000000e+00
7.63999999999997e+00,0.00000000000000e+00
7.64999999999997e+00,0.00000000000000e+00
7.65999999999997e+00,0.00000000000000e+00
7.66999999999997e+00,0.00000000000000e+00
7.67999999999997e+00,0.00000000000000e+00
7.68999999999997e+00,0.00000000000000e+00
7.69999999999997e+00,0.00000000000000e+00
7.70999999999997e+00,0.00000000000000e+00
7.71999999999997e+00,0.00000000000000e+00
7.72999999999997e+00,0.00000000000000e+00
7.73999999999997e+00,0.00000000000000e+00
7.74999999999997e+00,0.00000000000000e+00
7.75999999999997e+00,0.00000000000000e+00
7.76999999999997e+00,0.00000000000000e+00
7.77999999999997e+00,0.00000000000000e+00
7.78999999999997e+00,0.00000000000000e+00
7.79999999999997e+00,0.00000000000000e+00
7.80999999999997e+00,0.00000000000000e+00
7.81999999999997e+00,0.00000000000000e+00
7.82999999999997e+00,0.00000000000000e+00
7.83999999999997e+00,0.00000000000000e+00
7.84999999999997e+00,0.00000000000000e+00
7.85999999999997e+00,0.00000000000000e+00
7.86999999999997e+00,0.00000000000000e+00
7.87999999999997e+00,0.00000000000000e+00
7.88999999999997e+00,0.00000000000000e+00
7.89999999999996e+00,0.00000000000000e+00
7.90999999999996e+00,0.00000000000000e+00
7.91999999999996e+00,0.00000000000000e+00
7.92999999999996e+00,0.00000000000000e+00
7.93999999999996e+00,0.00000000000000e+00
7.94999999999996e+00,0.00000000000000e+00
7.95999999999996e+00,0.00000000000000e+00
7.96999999999996e+00,0.00000000000000e+00
7.97999999999996e+00,0.00000000000000e+00
7.98999999999996e+00,0.00000000000000e+00
7.99999999999996e+00,0.00000000000000e+00
8.00999999999996e+00,0.00000000000000e+00
8.01999999999996e+00,0.00000000000000e+00
8.02999999999996e+00,0.00000000000000e+00
8.03999999999996e+00,0.00000000000000e+00
8.04999999999996e+00,0.00000000000000e+00
8.05999999999996e+00,0.00000000000000e+00
8.06999999999996e+00,0.00000000000000e+00
8.07999999999996e+00,0.00000000000000e+00
8.08999999999996e+00,0.00000000000000e+00
8.09999999999996e+00,0.00000000000000e+00
8.10999999999996e+00,0.00000000000000e+00
8.11999999999996e+00,0.00000000000000e+00
8.12999999999996e+00,0.00000000000000e+00
8.13999999999996e+00,0.00000000000000e+00
8.14999999999996e+00,0.00000000000000e+00
8.15999999999996e+00,0.00000000000000e+00
8.16999999999996e+00,0.00000000000000e+00
8.17999999999996e+00,0.00000000000000e+00
8.18999999999996e+00,0.00000000000000e+00
8.19999999999996e+00,0.00000000000000e+00
8.20999999999996e+00,0.00000000000000e+00
8.21999999999996e+00,0.00000000000000e+00
8.22999999999996e+00,0.00000000000000e+00
8.23999999999996e+00,0.00000000000000e+00
8.24999999999996e+00,0.00000000000000e+00
8.25999999999996e+00,0.00000000000000e+00
8.26999999999996e+00,0.00000000000000e+00
8.27999999999996e+00,0.00000000000000e+00
8.28999999999996e+00,0.00000000000000e+00
8.29999999999996e+00,0.00000000000000e+00
8.30999999999996e+00,0.00000000000000e+00
8.31999999999996e+00,0.00000000000000e+00
8.32999999999996e+00,0.00000000000000e+00
8.33999999999996e+00,0.00000000000000e+00
8.34999999999996e+00,0.00000000000000e+00
8.35999999999996e+00,0.00000000000000e+00
8.36999999999995e+00,0.00000000000000e+00
8.37999999999995e+00,0.00000000000000e+00
8.38999999999995e+00,0.00000000000000e+00
8.39999999999995e+00,0.00000000000000e+00
8.40999999999995e+00,0.00000000000000e+00
8.41999999999995e+00,0.00000000000000e+00
8.42999999999995e+00,0.00000000000000e+00
8.43999999999995e+00,0.00000000000000e+00
8.44999999999995e+00,0.00000000000000e+00
8.45999999999995e+00,0.00000000000000e+00
8.46999999999995e+00,0.00000000000000e+00
8.47999999999995e+00,0.00000000000000e+00
8.48999999999995e+00,0.00000000000000e+00
8.49999999999995e+00,0.00000000000000e+00
8.50999999999995e+00,0.00000000000000e+00
8.51999999999995e+00,0.00000000000000e+00
8.52999999999995e+00,0.00000000000000e+00
8.53999999999995e+00,0.00000000000000e+00
8.54999999999995e+00,0.00000000000000e+00
8.55999999999995e+00,0.00000000000000e+00
8.56999999999995e+00,0.00000000000000e+00
8.57999999999995e+00,0.00000000000000e+00
8.58999999999995e+00,0.00000000000000e+00
8.59999999999995e+00,0.00000000000000e+00
8.60999999999995e+00,0.00000000000000e+00
8.61999999999995e+00,0.00000000000000e+00
8.62999999999995e+00,0.00000000000000e+00
8.63999999999995e+00,0.00000000000000e+00
8.64999999999995e+00,0.00000000000000e+00
8.65999999999995e+00,0.00000000000000e+00
8.66999999999995e+00,0.00000000000000e+00
8.67999999999995e+00,0.00000000000000e+00
8.68999999999995e+00,0.00000000000000e+00
8.69999999999995e+00,0.00000000000000e+00
8.70999999999995e+00,0.00000000000000e+00
8.71999999999995e+00,0.00000000000000e+00
8.72999999999995e+00,0.00000000000000e+00
8.73999999999995e+00,0.00000000000000e+00
8.74999999999995e+00,0.00000000000000e+00
8.75999999999995e+00,0.00000000000000e+00
8.76999999999995e+00,0.00000000000000e+00
8.77999999999995e+00,0.00000000000000e+00
8.78999999999995e+00,0.00000000000000e+00
8.79999999999995e+00,0.00000000000000e+00
8.80999999999995e+00,0.00000000000000e+00
8.81999999999995e+00,0.00000000000000e+00
8.82999999999995e+00,0.00000000000000e+00
8.83999999999994e+00,0.00000000000000e+00
8.84999999999994e+00,0.00000000000000e+00
8.85999999999994e+00,0.00000000000000e+00
8.86999999999994e+00,0.00000000000000e+00
8.87999999999994e+00,0.00000000000000e+00
8.88999999999994e+00,0.00000000000000e+00
8.89999999999994e+00,0.00000000000000e+00
8.90999999999994e+00,0.00000000000000e+00
8.91999999999994e+00,0.00000000000000e+00
8.92999999999994e+00,0.00000000000000e+00
8.93999999999994e+00,0.00000000000000e+00
8.94999999999994e+00,0.00000000000000e+00
8.95999999999994e+00,0.00000000000000e+00
8.96999999999994e+00,0.00000000000000e+00
8.97999999999994e+00,0.00000000000000e+00
8.98999999999994e+00,0.00000000000000e+00
8.99999999999994e+00,0.00000000000000e+00
9.00999999999994e+00,0.00000000000000e+00
9.01999999999994e+00,0.00000000000000e+00
9.02999999999994e+00,0.00000000000000e+00
9.03999999999994e+00,0.00000000000000e+00
9.04999999999994e+00,0.00000000000000e+00
9.05999999999994e+00,0.00000000000000e+00
9.06999999999994e+00,0.00000000000000e+00
9.07999999999994e+00,0.00000000000000e+00
9.08999999999994e+00,0.00000000000000e+00
9.09999999999994e+00,0.00000000000000e+00
9.10999999999994e+00,0.00000000000000e+00
9.11999999999994e+00,0.00000000000000e+00
9.12999999999994e+00,0.00000000000000e+00
9.13999999999994e+00,0.00000000000000e+00
9.14999999999994e+00,0.00000000000000e+00
9.15999999999994e+00,0.00000000000000e+00
9.16999999999994e+00,0.00000000000000e+00
9.17999999999994e+00,0.00000000000000e+00
9.18999999999994e+00,0.00000000000000e+00
9.19999999999994e+00,0.00000000000000e+00
9.20999999999994e+00,0.00000000000000e+00
9.21999999999994e+00,0.00000000000000e+00
9.22999999999994e+00,0.00000000000000e+00
9.23999999999994e+00,0.00000000000000e+00
9.24999999999994e+00,0.00000000000000e+00
9.25999999999994e+00,0.00000000000000e+00
9.26999999999994e+00,0.00000000000000e+00
9.27999999999994e+00,0.00000000000000e+00
9.28999999999994e+00,0.00000000000000e+00
9.29999999999993e+00,0.00000000000000e+00
9.30999999999993e+00,0.00000000000000e+00
9.31999999999993e+00,0.00000000000000e+00
9.32999999999993e+00,0.00000000000000e+00
9.33999999999993e+00,0.00000000000000e+00
9.34999999999993e+00,0.00000000000000e+00
9.35999999999993e+00,0.00000000000000e+00
9.36999999999993e+00,0.00000000000000e+00
9.37999999999993e+00,0.00000000000000e+00
9.38999999999993e+00,0.00000000000000e+00
9.39999999999993e+00,0.00000000000000e+00
9.40999999999993e+00,0.00000000000000e+00
9.41999999999993e+00,0.00000000000000e+00
9.42999999999993e+00,0.00000000000000e+00
9.43999999999993e+00,0.00000000000000e+00
9.44999999999993e+00,0.00000000000000e+00
9.45999999999993e+00,0.00000000000000e+00
9.46999999999993e+00,0.00000000000000e+00
9.47999999999993e+00,0.00000000000000e+00
9.48999999999993e+00,0.00000000000000e+00
9.49999999999993e+00,0.00000000000000e+00
9.50999999999993e+00,0.00000000000000e+00
9.51999999999993e+00,0.00000000000000e+00
9.52999999999993e+00,0.00000000000000e+00
9.53999999999993e+00,0.00000000000000e+00
9.54999999999993e+00,0.00000000000000e+00
9.55999999999993e+00,0.00000000000000e+00
9.56999999999993e+00,0.00000000000000e+00
9.57999999999993e+00,0.00000000000000e+00
9.58999999999993e+00,0.00000000000000e+00
9.59999999999993e+00,0.00000000000000e+00
9.60999999999993e+00,0.00000000000000e+00
9.61999999999993e+00,0.00000000000000e+00
9.62999999999993e+00,0.00000000000000e+00
9.63999999999993e+00,0.00000000000000e+00
9.64999999999993e+00,0.00000000000000e+00
9.65999999999993e+00,0.00000000000000e+00
9.66999999999993e+00,0.00000000000000e+00
9.67999999999993e+00,0.00000000000000e+00
9.68999999999993e+00,0.00000000000000e+00
9.69999999999993e+00,0.00000000000000e+00
9.70999999999993e+00,0.00000000000000e+00
9.71999999999993e+00,0.00000000000000e+00
9.72999999999993e+00,0.00000000000000e+00
9.73999999999993e+00,0.00000000000000e+00
9.74999999999993e+00,0.00000000000000e+00
9.75999999999993e+00,0.00000000000000e+00
9.76999999999992e+00,0.00000000000000e+00
9.77999999999992e+00,0.00000000000000e+00
9.78999999999992e+00,0.00000000000000e+00
9.79999999999992e+00,0.00000000000000e+00
9.80999999999992e+00,0.00000000000000e+00
9.81999999999992e+00,0.00000000000000e+00
9.82999999999992e+00,0.00000000000000e+00
9.83999999999992e+00,0.00000000000000e+00
9.84999999999992e+00,0.00000000000000e+00
9.85999999999992e+00,0.00000000000000e+00
9.86999999999992e+00,0.00000000000000e+00
9.87999999999992e+00,0.00000000000000e+00
9.88999999999992e+00,0.00000000000000e+00
9.89999999999992e+00,0.00000000000000e+00
9.90999999999992e+00,0.00000000000000e+00
9.91999999999992e+00,0.00000000000000e+00
9.92999999999992e+00,0.00000000000000e+00
9.93999999999992e+00,0.00000000000000e+00
9.94999999999992e+00,0.00000000000000e+00
9.95999999999992e+00,0.00000000000000e+00
9.96999999999992e+00,0.00000000000000e+00
9.97999999999992e+00,0.00000000000000e+00
9.98999999999992e+00,0.00000000000000e+00
9.99999999999992e+00,0.00000000000000e+00
1.00099999999999e+01,0.00000000000000e+00
1.00199999999999e+01,0.00000000000000e+00
1.00299999999999e+01,0.00000000000000e+00
1.00399999999999e+01,0.00000000000000e+00
1.00499999999999e+01,0.00000000000000e+00
1.00599999999999e+01,0.00000000000000e+00
1.00699999999999e+01,0.00000000000000e+00
1.00799999999999e+01,0.00000000000000e+00
1.00899999999999e+01,0.00000000000000e+00
1.00999999999999e+01,0.00000000000000e+00
1.01099999999999e+01,0.00000000000000e+00
1.01199999999999e+01,0.00000000000000e+00
1.01299999999999e+01,0.00000000000000e+00
1.01399999999999e+01,0.00000000000000e+00
1.01499999999999e+01,0.00000000000000e+00
1.01599999999999e+01,0.00000000000000e+00
1.01699999999999e+01,0.00000000000000e+00
1.01799999999999e+01,0.00000000000000e+00
1.01899999999999e+01,0.00000000000000e+00
1.01999999999999e+01,0.00000000000000e+00
1.02099999999999e+01,0.00000000000000e+00
1.02199999999999e+01,0.00000000000000e+00
1.02299999999999e+01,0.00000000000000e+00
1.02399999999999e+01,0.00000000000000e+00
1.02499999999999e+01,0.00000000000000e+00
1.02599999999999e+01,0.00000000000000e+00
1.02699999999999e+01,0.00000000000000e+00
1.02799999999999e+01,0.00000000000000e+00
1.02899999999999e+01,0.00000000000000e+00
1.02999999999999e+01,0.00000000000000e+00
1.03099999999999e+01,0.00000000000000e+00
1.03199999999999e+01,0.00000000000000e+00
1.03299999999999e+01,0.00000000000000e+00
1.03399999999999e+01,0.00000000000000e+00
1.03499999999999e+01,0.00000000000000e+00
1.03599999999999e+01,0.00000000000000e+00
1.03699999999999e+01,0.00000000000000e+00
1.03799999999999e+01,0.00000000000000e+00
1.03899999999999e+01,0.00000000000000e+00
1.03999999999999e+01,0.00000000000000e+00
1.04099999999999e+01,0.00000000000000e+00
1.04199999999999e+01,0.00000000000000e+00
1.04299999999999e+01,0.00000000000000e+00
1.04399999999999e+01,0.00000000000000e+00
1.04499999999999e+01,0.00000000000000e+00
1.04599999999999e+01,0.00000000000000e+00
1.04699999999999e+01,0.00000000000000e+00
1.04799999999999e+01,0.00000000000000e+00
1.04899999999999e+01,0.00000000000000e+00
1.04999999999999e+01,0.00000000000000e+00
1.05099999999999e+01,0.00000000000000e+00
1.05199999999999e+01,0.00000000000000e+00
1.05299999999999e+01,0.00000000000000e+00
1.05399999999999e+01,0.00000000000000e+00
1.05499999999999e+01,0.00000000000000e+00
1.05599999999999e+01,0.00000000000000e+00
1.05699999999999e+01,0.00000000000000e+00
1.05799999999999e+01,0.00000000000000e+00
1.05899999999999e+01,0.00000000000000e+00
1.05999999999999e+01,0.00000000000000e+00
1.06099999999999e+01,0.00000000000000e+00
1.06199999999999e+01,0.00000000000000e+00
1.06299999999999e+01,0.00000000000000e+00
1.06399999999999e+01,0.00000000000000e+00
1.06499999999999e+01,0.00000000000000e+00
1.06599999999999e+01,0.00000000000000e+00
1.06699999999999e+01,0.00000000000000e+00
1.06799999999999e+01,0.00000000000000e+00
1.06899999999999e+01,0.00000000000000e+00
1.06999999999999e+01,0.00000000000000e+00
1.07099999999999e+01,0.00000000000000e+00
1.07199999999999e+01,0.00000000000000e+00
1.07299999999999e+01,0.00000000000000e+00
1.07399999999999e+01,0.00000000000000e+00
1.07499999999999e+01,0.00000000000000e+00
1.07599999999999e+01,0.00000000000000e+00
1.07699999999999e+01,0.00000000000000e+00
1.07799999999999e+01,0.00000000000000e+00
1.07899999999999e+01,0.00000000000000e+00
1.07999999999999e+01,0.00000000000000e+00
1.08099999999999e+01,0.00000000000000e+00
1.08199999999999e+01,0.00000000000000e+00
1.08299999999999e+01,0.00000000000000e+00
1.08399999999999e+01,0.00000000000000e+00
1.08499999999999e+01,0.00000000000000e+00
1.08599999999999e+01,0.00000000000000e+00
1.08699999999999e+01,0.00000000000000e+00
1.08799999999999e+01,0.00000000000000e+00
1.08899999999999e+01,0.00000000000000e+00
1.08999999999999e+01,0.00000000000000e+00
1.09099999999999e+01,0.00000000000000e+00
1.09199999999999e+01,0.00000000000000e+00
1.09299999999999e+01,0.00000000000000e+00
1.09399999999999e+01,0.00000000000000e+00
1.09499999999999e+01,0.00000000000000e+00
1.09599999999999e+01,0.00000000000000e+00
1.09699999999999e+01,0.00000000000000e+00
1.09799999999999e+01,0.00000000000000e+00
1.09899999999999e+01,0.00000000000000e+00
1.09999999999999e+01,0.00000000000000e+00
1.10099999999999e+01,0.00000000000000e+00
1.10199999999999e+01,0.00000000000000e+00
1.10299999999999e+01,0.00000000000000e+00
1.10399999999999e+01,0.00000000000000e+00
1.10499999999999e+01,0.00000000000000e+00
1.10599999999999e+01,0.00000000000000e+00
1.10699999999999e+01,0.00000000000000e+00
1.10799999999999e+01,0.00000000000000e+00
1.10899999999999e+01,0.00000000000000e+00
1.10999999999999e+01,0.00000000000000e+00
1.11099999999999e+01,0.00000000000000e+00
1.11199999999999e+01,0.00000000000000e+00
1.11299999999999e+01,0.00000000000000e+00
1.11399999999999e+01,0.00000000000000e+00
1.11499999999999e+01,0.00000000000000e+00
1.11599999999999e+01,0.00000000000000e+00
1.11699999999999e+01,0.00000000000000e+00
1.11799999999999e+01,0.00000000000000e+00
1.11899999999999e+01,0.00000000000000e+00
1.11999999999999e+01,0.00000000000000e+00
1.12099999999999e+01,0.00000000000000e+00
1.12199999999999e+01,0.00000000000000e+00
1.12299999999999e+01,0.00000000000000e+00
1.12399999999999e+01,0.00000000000000e+00
1.12499999999999e+01,0.00000000000000e+00
1.12599999999999e+01,0.00000000000000e+00
1.12699999999999e+01,0.00000000000000e+00
1.12799999999999e+01,0.00000000000000e+00
1.12899999999999e+01,0.00000000000000e+00
1.12999999999999e+01,0.00000000000000e+00
1.13099999999999e+01,0.00000000000000e+00
1.13199999999999e+01,0.00000000000000e+00
1.13299999999999e+01,0.00000000000000e+00
1.13399999999999e+01,0.00000000000000e+00
1.13499999999999e+01,0.00000000000000e+00
1.13599999999999e+01,0.00000000000000e+00
1.13699999999999e+01,0.00000000000000e+00
1.13799999999999e+01,0.00000000000000e+00
1.13899999999999e+01,0.00000000000000e+00
1.13999999999999e+01,0.00000000000000e+00
1.14099999999999e+01,0.00000000000000e+00
1.14199999999999e+01,0.00000000000000e+00
1.14299999999999e+01,0.00000000000000e+00
1.14399999999999e+01,0.00000000000000e+00
1.14499999999999e+01,0.00000000000000e+00
1.14599999999999e+01,0.00000000000000e+00
1.14699999999999e+01,0.00000000000000e+00
1.14799999999999e+01,0.00000000000000e+00
1.14899999999999e+01,0.00000000000000e+00
1.14999999999999e+01,0.00000000000000e+00
1.15099999999999e+01,0.00000000000000e+00
1.15199999999999e+01,0.00000000000000e+00
1.15299999999999e+01,0.00000000000000e+00
1.15399999999999e+01,0.00000000000000e+00
1.15499999999999e+01,0.00000000000000e+00
1.15599999999999e+01,0.00000000000000e+00
1.15699999999999e+01,0.00000000000000e+00
1.15799999999999e+01,0.00000000000000e+00
1.15899999999999e+01,0.00000000000000e+00
1.15999999999999e+01,0.00000000000000e+00
1.16099999999999e+01,0.00000000000000e+00
1.16199999999999e+01,0.00000000000000e+00
1.16299999999999e+01,0.00000000000000e+00
1.16399999999999e+01,0.00000000000000e+00
1.16499999999999e+01,0.00000000000000e+00
1.16599999999999e+01,0.00000000000000e+00
1.16699999999999e+01,0.00000000000000e+00
1.16799999999999e+01,0.00000000000000e+00
1.16899999999999e+01,0.00000000000000e+00
1.16999999999999e+01,0.00000000000000e+00
1.17099999999999e+01,0.00000000000000e+00
1.17199999999999e+01,0.00000000000000e+00
1.17299999999999e+01,0.00000000000000e+00
1.17399999999999e+01,0.00000000000000e+00
1.17499999999999e+01,0.00000000000000e+00
1.17599999999999e+01,0.00000000000000e+00
1.17699999999999e+01,0.00000000000000e+00
1.17799999999999e+01,0.00000000000000e+00
1.17899999999999e+01,0.00000000000000e+00
1.17999999999999e+01,0.00000000000000e+00
1.18099999999999e+01,0.00000000000000e+00
1.18199999999999e+01,0.00000000000000e+00
1.18299999999999e+01,0.00000000000000e+00
1.18399999999999e+01,0.00000000000000e+00
1.18499999999999e+01,0.00000000000000e+00
1.18599999999999e+01,0.00000000000000e+00
1.18699999999999e+01,0.00000000000000e+00
1.18799999999999e+01,0.00000000000000e+00
1.18899999999999e+01,0.00000000000000e+00
1.18999999999999e+01,0.00000000000000e+00
1.19099999999999e+01,0.00000000000000e+00
1.19199999999999e+01,0.00000000000000e+00
1.19299999999999e+01,0.00000000000000e+00
1.19399999999999e+01,0.00000000000000e+00
1.19499999999999e+01,0.00000000000000e+00
1.19599999999999e+01,0.00000000000000e+00
1.19699999999999e+01,0.00000000000000e+00
1.19799999999999e+01,0.00000000000000e+00
1.19899999999999e+01,0.00000000000000e+00
1.19999999999999e+01,0.00000000000000e+00
1.20099999999999e+01,0.00000000000000e+00
1.20199999999999e+01,0.00000000000000e+00
1.20299999999999e+01,0.00000000000000e+00
1.20399999999999e+01,0.00000000000000e+00
1.20499999999999e+01,0.00000000000000e+00
1.20599999999999e+01,0.00000000000000e+00
1.20699999999999e+01,0.00000000000000e+00
1.20799999999999e+01,0.00000000000000e+00
1.20899999999999e+01,0.00000000000000e+00
1.20999999999999e+01,0.00000000000000e+00
1.21099999999999e+01,0.00000000000000e+00
1.21199999999999e+01,0.00000000000000e+00
1.21299999999999e+01,0.00000000000000e+00
1.21399999999999e+01,0.00000000000000e+00
1.21499999999999e+01,0.00000000000000e+00
1.21599999999999e+01,0.00000000000000e+00
1.21699999999999e+01,0.00000000000000e+00
1.21799999999999e+01,0.00000000000000e+00
1.21899999999999e+01,0.00000000000000e+00
1.21999999999999e+01,0.00000000000000e+00
1.22099999999999e+01,0.00000000000000e+00
1.22199999999999e+01,0.00000000000000e+00
1.22299999999999e+01,0.00000000000000e+00
1.22399999999999e+01,0.00000000000000e+00
1.22499999999999e+01,0.00000000000000e+00
1.22599999999999e+01,0.00000000000000e+00
1.22699999999999e+01,0.00000000000000e+00
1.22799999999999e+01,0.00000000000000e+00
1.22899999999999e+01,0.00000000000000e+00
1.22999999999999e+01,0.00000000000000e+00
1.23099999999999e+01,0.00000000000000e+00
1.23199999999999e+01,0.00000000000000e+00
1.23299999999999e+01,0.00000000000000e+00
1.23399999999999e+01,0.00000000000000e+00
1.23499999999999e+01,0.00000000000000e+00
1.23599999999999e+01,0.00000000000000e+00
1.23699999999999e+01,0.00000000000000e+00
1.23799999999999e+01,0.00000000000000e+00
1.23899999999999e+01,0.00000000000000e+00
1.23999999999999e+01,0.00000000000000e+00
1.24099999999999e+01,0.00000000000000e+00
1.24199999999999e+01,0.00000000000000e+00
1.24299999999999e+01,0.00000000000000e+00
1.24399999999999e+01,0.00000000000000e+00
1.24499999999999e+01,0.00000000000000e+00
1.24599999999999e+01,0.00000000000000e+00
1.24699999999999e+01,0.00000000000000e+00
1.24799999999999e+01,0.00000000000000e+00
1.24899999999999e+01,0.00000000000000e+00
1.24999999999999e+01,0.00000000000000e+00
1.25099999999999e+01,0.00000000000000e+00
1.25199999999999e+01,0.00000000000000e+00
1.25299999999999e+01,0.00000000000000e+00
1.25399999999999e+01,0.00000000000000e+00
1.25499999999999e+01,0.00000000000000e+00
1.25599999999999e+01,0.00000000000000e+00
1.25699999999999e+01,0.00000000000000e+00
1.25799999999999e+01,0.00000000000000e+00
1.25899999999999e+01,0.00000000000000e+00
1.25999999999999e+01,0.00000000000000e+00
1.26099999999999e+01,0.00000000000000e+00
1.26199999999999e+01,0.00000000000000e+00
1.26299999999999e+01,0.00000000000000e+00
1.26399999999999e+01,0.00000000000000e+00
1.26499999999999e+01,0.00000000000000e+00
1.26599999999999e+01,0.00000000000000e+00
1.26699999999999e+01,0.00000000000000e+00
1.26799999999999e+01,0.00000000000000e+00
1.26899999999999e+01,0.00000000000000e+00
1.26999999999999e+01,0.00000000000000e+00
1.27099999999999e+01,0.00000000000000e+00
1.27199999999999e+01,0.00000000000000e+00
1.27299999999999e+01,0.00000000000000e+00
1.27399999999999e+01,0.00000000000000e+00
1.27499999999999e+01,0.00000000000000e+00
1.27599999999999e+01,0.00000000000000e+00
1.27699999999999e+01,0.00000000000000e+00
1.27799999999999e+01,0.00000000000000e+00
1.27899999999999e+01,0.00000000000000e+00
1.27999999999999e+01,0.00000000000000e+00
1.28099999999999e+01,0.00000000000000e+00
1.28199999999999e+01,0.00000000000000e+00
1.28299999999999e+01,0.00000000000000e+00
1.28399999999999e+01,0.00000000000000e+00
1.28499999999999e+01,0.00000000000000e+00
1.28599999999999e+01,0.00000000000000e+00
1.28699999999999e+01,0.00000000000000e+00
1.28799999999999e+01,0.00000000000000e+00
1.28899999999999e+01,0.00000000000000e+00
1.28999999999999e+01,0.00000000000000e+00
1.29099999999999e+01,0.00000000000000e+00
1.29199999999999e+01,0.00000000000000e+00
1.29299999999999e+01,0.00000000000000e+00
1.29399999999999e+01,0.00000000000000e+00
1.29499999999999e+01,0.00000000000000e+00
1.29599999999999e+01,0.00000000000000e+00
1.29699999999999e+01,0.00000000000000e+00
1.29799999999999e+01,0.00000000000000e+00
1.29899999999999e+01,0.00000000000000e+00
1.29999999999999e+01,0.00000000000000e+00
1.30099999999999e+01,0.00000000000000e+00
1.30199999999999e+01,0.00000000000000e+00
1.30299999999999e+01,0.00000000000000e+00
1.30399999999999e+01,0.00000000000000e+00
1.30499999999999e+01,0.00000000000000e+00
1.30599999999999e+01,0.00000000000000e+00
1.30699999999999e+01,0.00000000000000e+00
1.30799999999999e+01,0.00000000000000e+00
1.30899999999999e+01,0.00000000000000e+00
1.30999999999999e+01,0.00000000000000e+00
1.31099999999999e+01,0.00000000000000e+00
1.31199999999999e+01,0.00000000000000e+00
1.31299999999999e+01,0.00000000000000e+00
1.31399999999999e+01,0.00000000000000e+00
1.31499999999999e+01,0.00000000000000e+00
1.31599999999999e+01,0.00000000000000e+00
1.31699999999999e+01,0.00000000000000e+00
1.31799999999999e+01,0.00000000000000e+00
1.31899999999999e+01,0.00000000000000e+00
1.31999999999999e+01,0.00000000000000e+00
1.32099999999999e+01,0.00000000000000e+00
1.32199999999999e+01,0.00000000000000e+00
1.32299999999999e+01,0.00000000000000e+00
1.32399999999999e+01,0.00000000000000e+00
1.32499999999999e+01,0.00000000000000e+00
1.32599999999999e+01,0.00000000000000e+00
1.32699999999999e+01,0.00000000000000e+00
1.32799999999999e+01,0.00000000000000e+00
1.32899999999998e+01,0.00000000000000e+00
1.32999999999998e+01,0.00000000000000e+00
1.33099999999998e+01,0.00000000000000e+00
1.33199999999998e+01,0.00000000000000e+00
1.33299999999998e+01,0.00000000000000e+00
1.33399999999998e+01,0.00000000000000e+00
1.33499999999998e+01,0.00000000000000e+00
1.33599999999998e+01,0.00000000000000e+00
1.33699999999998e+01,0.00000000000000e+00
1.33799999999998e+01,0.00000000000000e+00
1.33899999999998e+01,0.00000000000000e+00
1.33999999999998e+01,0.00000000000000e+00
1.34099999999998e+01,0.00000000000000e+00
1.34199999999998e+01,0.00000000000000e+00
1.34299999999998e+01,0.00000000000000e+00
1.34399999999998e+01,0.00000000000000e+00
1.34499999999998e+01,0.00000000000000e+00
1.34599999999998e+01,0.00000000000000e+00
1.34699999999998e+01,0.00000000000000e+00
1.34799999999998e+01,0.00000000000000e+00
1.34899999999998e+01,0.00000000000000e+00
1.34999999999998e+01,0.00000000000000e+00
1.35099999999998e+01,0.00000000000000e+00
1.35199999999998e+01,0.00000000000000e+00
1.35299999999998e+01,0.00000000000000e+00
1.35399999999998e+01,0.00000000000000e+00
1.35499999999998e+01,0.00000000000000e+00
1.35599999999998e+01,0.00000000000000e+00
1.35699999999998e+01,0.00000000000000e+00
1.35799999999998e+01,0.00000000000000e+00
1.35899999999998e+01,0.00000000000000e+00
1.35999999999998e+01,0.00000000000000e+00
1.36099999999998e+01,0.00000000000000e+00
1.36199999999998e+01,0.00000000000000e+00
1.36299999999998e+01,0.00000000000000e+00
1.36399999999998e+01,0.00000000000000e+00
1.36499999999998e+01,0.00000000000000e+00
1.36599999999998e+01,0.00000000000000e+00
1.36699999999998e+01,0.00000000000000e+00
1.36799999999998e+01,0.00000000000000e+00
1.36899999999998e+01,0.00000000000000e+00
1.36999999999998e+01,0.00000000000000e+00
1.37099999999998e+01,0.00000000000000e+00
1.37199999999998e+01,0.00000000000000e+00
1.37299999999998e+01,0.00000000000000e+00
1.37399999999998e+01,0.00000000000000e+00
1.37499999999998e+01,0.00000000000000e+00
1.37599999999998e+01,0.00000000000000e+00
1.37699999999998e+01,0.00000000000000e+00
1.37799999999998e+01,0.00000000000000e+00
1.37899999999998e+01,0.00000000000000e+00
1.37999999999998e+01,0.00000000000000e+00
1.38099999999998e+01,0.00000000000000e+00
1.38199999999998e+01,0.00000000000000e+00
1.38299999999998e+01,0.00000000000000e+00
1.38399999999998e+01,0.00000000000000e+00
1.38499999999998e+01,0.00000000000000e+00
1.38599999999998e+01,0.00000000000000e+00
1.38699999999998e+01,0.00000000000000e+00
1.38799999999998e+01,0.00000000000000e+00
1.38899999999998e+01,0.00000000000000e+00
1.38999999999998e+01,0.00000000000000e+00
1.39099999999998e+01,0.00000000000000e+00
1.39199999999998e+01,0.00000000000000e+00
1.39299999999998e+01,0.00000000000000e+00
1.39399999999998e+01,0.00000000000000e+00
1.39499999999998e+01,0.00000000000000e+00
1.39599999999998e+01,0.00000000000000e+00
1.39699999999998e+01,0.00000000000000e+00
1.39799999999998e+01,0.00000000000000e+00
1.39899999999998e+01,0.00000000000000e+00
1.39999999999998e+01,0.00000000000000e+00
1.40099999999998e+01,0.00000000000000e+00
1.40199999999998e+01,0.00000000000000e+00
1.40299999999998e+01,0.00000000000000e+00
1.40399999999998e+01,0.00000000000000e+00
1.40499999999998e+01,0.00000000000000e+00
1.40599999999998e+01,0.00000000000000e+00
1.40699999999998e+01,0.00000000000000e+00
1.40799999999998e+01,0.00000000000000e+00
1.40899999999998e+01,0.00000000000000e+00
1.40999999999998e+01,0.00000000000000e+00
1.41099999999998e+01,0.00000000000000e+00
1.41199999999998e+01,0.00000000000000e+00
1.41299999999998e+01,0.00000000000000e+00
1.41399999999998e+01,0.00000000000000e+00
1.41499999999998e+01,0.00000000000000e+00
1.41599999999998e+01,0.00000000000000e+00
1.41699999999998e+01,0.00000000000000e+00
1.41799999999998e+01,0.00000000000000e+00
1.41899999999998e+01,0.00000000000000e+00
1.41999999999998e+01,0.00000000000000e+00
1.42099999999998e+01,0.00000000000000e+00
1.42199999999998e+01,0.00000000000000e+00
1.42299999999998e+01,0.00000000000000e+00
1.42399999999998e+01,0.00000000000000e+00
1.42499999999998e+01,0.00000000000000e+00
1.42599999999998e+01,0.00000000000000e+00
1.42699999999998e+01,0.00000000000000e+00
1.42799999999998e+01,0.00000000000000e+00
1.42899999999998e+01,0.00000000000000e+00
1.42999999999998e+01,0.00000000000000e+00
1.43099999999998e+01,0.00000000000000e+00
1.43199999999998e+01,0.00000000000000e+00
1.43299999999998e+01,0.00000000000000e+00
1.43399999999998e+01,0.00000000000000e+00
1.43499999999998e+01,0.00000000000000e+00
1.43599999999998e+01,0.00000000000000e+00
1.43699999999998e+01,0.00000000000000e+00
1.43799999999998e+01,0.00000000000000e+00
1.43899999999998e+01,0.00000000000000e+00
1.43999999999998e+01,0.00000000000000e+00
1.44099999999998e+01,0.00000000000000e+00
1.44199999999998e+01,0.00000000000000e+00
1.44299999999998e+01,0.00000000000000e+00
1.44399999999998e+01,0.00000000000000e+00
1.44499999999998e+01,0.00000000000000e+00
1.44599999999998e+01,0.00000000000000e+00
1.44699999999998e+01,0.00000000000000e+00
1.44799999999998e+01,0.00000000000000e+00
1.44899999999998e+01,0.00000000000000e+00
1.44999999999998e+01,0.00000000000000e+00
1.45099999999998e+01,0.00000000000000e+00
1.45199999999998e+01,0.00000000000000e+00
1.45299999999998e+01,0.00000000000000e+00
1.45399999999998e+01,0.00000000000000e+00
1.45499999999998e+01,0.00000000000000e+00
1.45599999999998e+01,0.00000000000000e+00
1.45699999999998e+01,0.00000000000000e+00
1.45799999999998e+01,0.00000000000000e+00
1.45899999999998e+01,0.00000000000000e+00
1.45999999999998e+01,0.00000000000000e+00
1.46099999999998e+01,0.00000000000000e+00
1.46199999999998e+01,0.00000000000000e+00
1.46299999999998e+01,0.00000000000000e+00
1.46399999999998e+01,0.00000000000000e+00
1.46499999999998e+01,0.00000000000000e+00
1.46599999999998e+01,0.00000000000000e+00
1.46699999999998e+01,0.00000000000000e+00
1.46799999999998e+01,0.00000000000000e+00
1.46899999999998e+01,0.00000000000000e+00
1.46999999999998e+01,0.00000000000000e+00
1.47099999999998e+01,0.00000000000000e+00
1.47199999999998e+01,0.00000000000000e+00
1.47299999999998e+01,0.00000000000000e+00
1.47399999999998e+01,0.00000000000000e+00
1.47499999999998e+01,0.00000000000000e+00
1.47599999999998e+01,0.00000000000000e+00
1.47699999999998e+01,0.00000000000000e+00
1.47799999999998e+01,0.00000000000000e+00
1.47899999999998e+01,0.00000000000000e+00
1.47999999999998e+01,0.00000000000000e+00
1.48099999999998e+01,0.00000000000000e+00
1.48199999999998e+01,0.00000000000000e+00
1.48299999999998e+01,0.00000000000000e+00
1.48399999999998e+01,0.00000000000000e+00
1.48499999999998e+01,0.00000000000000e+00
1.48599999999998e+01,0.00000000000000e+00
1.48699999999998e+01,0.00000000000000e+00
1.48799999999998e+01,0.00000000000000e+00
1.48899999999998e+01,0.00000000000000e+00
1.48999999999998e+01,0.00000000000000e+00
1.49099999999998e+01,0.00000000000000e+00
1.49199999999998e+01,0.00000000000000e+00
1.49299999999998e+01,0.00000000000000e+00
1.49399999999998e+01,0.00000000000000e+00
1.49499999999998e+01,0.00000000000000e+00
1.49599999999998e+01,0.00000000000000e+00
1.49699999999998e+01,0.00000000000000e+00
1.49799999999998e+01,0.00000000000000e+00
1.49899999999998e+01,0.00000000000000e+00
1.49999999999998e+01,0.00000000000000e+00
